company,job_name,link_url,apply_url,job_id,salaryRange,equityRange,minExperience,minSchoolYear,visa,jobType,location,is_remote,hiring_description,job_description,salary_min,salary_max
Circuithub,Full-Stack Robotics Engineer Summer 2026 Intern,https://www.ycombinator.com/companies/circuithub/jobs/pxHqv58-full-stack-robotics-engineer-summer-2026-intern,https://www.workatastartup.com/jobs/80377,80377,,,,,,,,False,"We&#x27;re building a future where hardware companies can design and iterate as fast as software companies\r\n\r\nCircuitHub is on a mission to fix rapid electronics prototyping. We are the first automated electronics factory built around a modern tech stack. We help hardware companies producing self driving cars, satellites, 3D printers, robotics, &amp; more to rapidly prototype electronics and get to market faster.\r\n\r\nWe&#x27;ve raised $20M from top investors that include Y Combinator , Google Ventures, &amp; more. With business growing fast we are looking to fill roles in Massachusetts, USA and London, UK . \r\n\r\nJoin us to solve real world problems while shaping the future of automated manufacturing. ",,,
Circuithub,Production Operator,https://www.ycombinator.com/companies/circuithub/jobs/1TLOW0y-production-operator,https://www.workatastartup.com/jobs/78075,78075,,,,,,,,False,"We&#x27;re building a future where hardware companies can design and iterate as fast as software companies\r\n\r\nCircuitHub is on a mission to fix rapid electronics prototyping. We are the first automated electronics factory built around a modern tech stack. We help hardware companies producing self driving cars, satellites, 3D printers, robotics, &amp; more to rapidly prototype electronics and get to market faster.\r\n\r\nWe&#x27;ve raised $20M from top investors that include Y Combinator , Google Ventures, &amp; more. With business growing fast we are looking to fill roles in Massachusetts, USA and London, UK . \r\n\r\nJoin us to solve real world problems while shaping the future of automated manufacturing. ",,,
Circuithub,Full-Stack Robotics Engineer,https://www.ycombinator.com/companies/circuithub/jobs/bUPM5eq-full-stack-robotics-engineer,https://www.workatastartup.com/jobs/76919,76919,,,,,,,,False,"We&#x27;re building a future where hardware companies can design and iterate as fast as software companies\r\n\r\nCircuitHub is on a mission to fix rapid electronics prototyping. We are the first automated electronics factory built around a modern tech stack. We help hardware companies producing self driving cars, satellites, 3D printers, robotics, &amp; more to rapidly prototype electronics and get to market faster.\r\n\r\nWe&#x27;ve raised $20M from top investors that include Y Combinator , Google Ventures, &amp; more. With business growing fast we are looking to fill roles in Massachusetts, USA and London, UK . \r\n\r\nJoin us to solve real world problems while shaping the future of automated manufacturing. ",,,
Circuithub,Software Engineer,https://www.ycombinator.com/companies/circuithub/jobs/MoiBgjLeX-software-engineer,https://www.workatastartup.com/jobs/39,39,,,,,,,,False,"We&#x27;re building a future where hardware companies can design and iterate as fast as software companies\r\n\r\nCircuitHub is on a mission to fix rapid electronics prototyping. We are the first automated electronics factory built around a modern tech stack. We help hardware companies producing self driving cars, satellites, 3D printers, robotics, &amp; more to rapidly prototype electronics and get to market faster.\r\n\r\nWe&#x27;ve raised $20M from top investors that include Y Combinator , Google Ventures, &amp; more. With business growing fast we are looking to fill roles in Massachusetts, USA and London, UK . \r\n\r\nJoin us to solve real world problems while shaping the future of automated manufacturing. ",,,
Rescale,Senior AI Product Designer,https://www.ycombinator.com/companies/rescale/jobs/97EkpY7-senior-ai-product-designer,https://www.workatastartup.com/jobs/79842,79842,,,,,,,,False,"\r\nRescale provides a global software platform and hardware infrastructure for companies to perform scientific and engineering simulation.\r\n\r\n- We provide the largest, most secure, global high performance computing (HPC) footprint seamlessly integrated into an easy-to-use platform built for engineers and scientists. We are disrupting the staid on premise HPC world.\r\n- Not that long ago, we were a team of two, who rendered the Boeing 787 wing on commodity hardware, saving $150M in the process. Now we are a team of 50+ software engineers, computer scientists, and domain experts, helping advanced tech companies bring their complex use cases to the cloud.\r\n- Investors in Rescale include Sam Altman, Jeff Bezos, Richard Branson, Chris Dixon, and Paul Graham, among others.\r\n",,,
Rescale,Enterprise Account Development Representative (Eastern Time Zone),https://www.ycombinator.com/companies/rescale/jobs/FXmue28-enterprise-account-development-representative-eastern-time-zone,https://www.workatastartup.com/jobs/76908,76908,,,,,,,,False,"\r\nRescale provides a global software platform and hardware infrastructure for companies to perform scientific and engineering simulation.\r\n\r\n- We provide the largest, most secure, global high performance computing (HPC) footprint seamlessly integrated into an easy-to-use platform built for engineers and scientists. We are disrupting the staid on premise HPC world.\r\n- Not that long ago, we were a team of two, who rendered the Boeing 787 wing on commodity hardware, saving $150M in the process. Now we are a team of 50+ software engineers, computer scientists, and domain experts, helping advanced tech companies bring their complex use cases to the cloud.\r\n- Investors in Rescale include Sam Altman, Jeff Bezos, Richard Branson, Chris Dixon, and Paul Graham, among others.\r\n",,,
Rescale,"Software Engineer, Full-Stack",https://www.ycombinator.com/companies/rescale/jobs/JVqLfnn-software-engineer-full-stack,https://www.workatastartup.com/jobs/76448,76448,,,,,,,,False,"\r\nRescale provides a global software platform and hardware infrastructure for companies to perform scientific and engineering simulation.\r\n\r\n- We provide the largest, most secure, global high performance computing (HPC) footprint seamlessly integrated into an easy-to-use platform built for engineers and scientists. We are disrupting the staid on premise HPC world.\r\n- Not that long ago, we were a team of two, who rendered the Boeing 787 wing on commodity hardware, saving $150M in the process. Now we are a team of 50+ software engineers, computer scientists, and domain experts, helping advanced tech companies bring their complex use cases to the cloud.\r\n- Investors in Rescale include Sam Altman, Jeff Bezos, Richard Branson, Chris Dixon, and Paul Graham, among others.\r\n",,,
Rescale,"Director, Public Affairs",https://www.ycombinator.com/companies/rescale/jobs/nurQ4XU-director-public-affairs,https://www.workatastartup.com/jobs/71462,71462,,,,,,,,False,"\r\nRescale provides a global software platform and hardware infrastructure for companies to perform scientific and engineering simulation.\r\n\r\n- We provide the largest, most secure, global high performance computing (HPC) footprint seamlessly integrated into an easy-to-use platform built for engineers and scientists. We are disrupting the staid on premise HPC world.\r\n- Not that long ago, we were a team of two, who rendered the Boeing 787 wing on commodity hardware, saving $150M in the process. Now we are a team of 50+ software engineers, computer scientists, and domain experts, helping advanced tech companies bring their complex use cases to the cloud.\r\n- Investors in Rescale include Sam Altman, Jeff Bezos, Richard Branson, Chris Dixon, and Paul Graham, among others.\r\n",,,
Rescale,Customer Success Engineer (Japan),https://www.ycombinator.com/companies/rescale/jobs/B4PkXBz-customer-success-engineer-japan,https://www.workatastartup.com/jobs/65794,65794,,,,,,,,False,"\r\nRescale provides a global software platform and hardware infrastructure for companies to perform scientific and engineering simulation.\r\n\r\n- We provide the largest, most secure, global high performance computing (HPC) footprint seamlessly integrated into an easy-to-use platform built for engineers and scientists. We are disrupting the staid on premise HPC world.\r\n- Not that long ago, we were a team of two, who rendered the Boeing 787 wing on commodity hardware, saving $150M in the process. Now we are a team of 50+ software engineers, computer scientists, and domain experts, helping advanced tech companies bring their complex use cases to the cloud.\r\n- Investors in Rescale include Sam Altman, Jeff Bezos, Richard Branson, Chris Dixon, and Paul Graham, among others.\r\n",,,
Rescale,Senior Executive Assistant to CEO,https://www.ycombinator.com/companies/rescale/jobs/EXwY6Mb-senior-executive-assistant-to-ceo,https://www.workatastartup.com/jobs/62635,62635,,,,,,,,False,"\r\nRescale provides a global software platform and hardware infrastructure for companies to perform scientific and engineering simulation.\r\n\r\n- We provide the largest, most secure, global high performance computing (HPC) footprint seamlessly integrated into an easy-to-use platform built for engineers and scientists. We are disrupting the staid on premise HPC world.\r\n- Not that long ago, we were a team of two, who rendered the Boeing 787 wing on commodity hardware, saving $150M in the process. Now we are a team of 50+ software engineers, computer scientists, and domain experts, helping advanced tech companies bring their complex use cases to the cloud.\r\n- Investors in Rescale include Sam Altman, Jeff Bezos, Richard Branson, Chris Dixon, and Paul Graham, among others.\r\n",,,
Amplitude,"Staff Product Engineer, AI Agents",https://www.ycombinator.com/companies/amplitude/jobs/byPftTK-staff-product-engineer-ai-agents,https://www.workatastartup.com/jobs/80397,80397,,,,,,,,False,"Amplitude is a leading digital analytics platform. More than 1,900 customers, including Atlassian, Jersey Mike&#x27;s, NBCUniversal, Shopify, and Under Armour rely on Amplitude to gain self-service visibility into the entire customer journey.  When teams understand how people are using their product, they can deliver better product experiences. With Amplitude, teams can understand what product features are working, where users are getting stuck, and what actions lead to the right outcomes. Nothing is more critical to driving revenue growth. Amplitude is the best-in-class analytics solution for product, data, and marketing teams, ranked #1 in multiple categories in G2’s 2022 Winter Report. Learn how to optimize your digital products and business at amplitude.com.",,,
Amplitude,"Senior Product Engineer, AI Agents",https://www.ycombinator.com/companies/amplitude/jobs/w0WSIC8-senior-product-engineer-ai-agents,https://www.workatastartup.com/jobs/80396,80396,,,,,,,,False,"Amplitude is a leading digital analytics platform. More than 1,900 customers, including Atlassian, Jersey Mike&#x27;s, NBCUniversal, Shopify, and Under Armour rely on Amplitude to gain self-service visibility into the entire customer journey.  When teams understand how people are using their product, they can deliver better product experiences. With Amplitude, teams can understand what product features are working, where users are getting stuck, and what actions lead to the right outcomes. Nothing is more critical to driving revenue growth. Amplitude is the best-in-class analytics solution for product, data, and marketing teams, ranked #1 in multiple categories in G2’s 2022 Winter Report. Learn how to optimize your digital products and business at amplitude.com.",,,
Y-combinator,Product Engineer - App ops,https://www.ycombinator.com/companies/y-combinator/jobs/td8mMYi-product-engineer-app-ops,https://www.workatastartup.com/jobs/78637,78637,,,,,,,,False,"Y Combinator has a small ~12 person team that makes the software that runs YC.  Hardly any investors write software, but YC was started by programmers so it&#x27;s natural for us to solve our problems that way. We believe our software is a key competitive advantage and we are investing aggressively in new software products.\r\n\r\nAs a member of the software team, you&#x27;ll get full access to the YC program, just like founders do.  You&#x27;ll learn the ins and outs of how YC works, and you&#x27;ll get to follow and learn from hundreds of companies.  You&#x27;ll meet some of the most successful people in the startup world and get exposed to the best startup ideas.  And of course, if you ever want to start your own company, you’ll learn a lot about that from working at YC.\r\n ",,,
Y-combinator,Product Engineer,https://www.ycombinator.com/companies/y-combinator/jobs/rq3DaTs-product-engineer,https://www.workatastartup.com/jobs/77068,77068,,,,,,,,False,"Y Combinator has a small ~12 person team that makes the software that runs YC.  Hardly any investors write software, but YC was started by programmers so it&#x27;s natural for us to solve our problems that way. We believe our software is a key competitive advantage and we are investing aggressively in new software products.\r\n\r\nAs a member of the software team, you&#x27;ll get full access to the YC program, just like founders do.  You&#x27;ll learn the ins and outs of how YC works, and you&#x27;ll get to follow and learn from hundreds of companies.  You&#x27;ll meet some of the most successful people in the startup world and get exposed to the best startup ideas.  And of course, if you ever want to start your own company, you’ll learn a lot about that from working at YC.\r\n ",,,
Apollo,Senior Customer Success Engineer,https://www.ycombinator.com/companies/apollo/jobs/PY96GgC-senior-customer-success-engineer,https://www.workatastartup.com/jobs/45838,45838,,,,,,,,False,"Apollo is a developer tools company focused on GraphQL. Our mission is to simplify app development by combining APIs, databases, and microservices into a single data graph that you can query with GraphQL. We are proud of our culture that encourages caring &amp; inclusivity, supports distributed workers, and recruits people who have a history of delivering the highest caliber results. \r\n\r\nWe are backed by Andreessen Horowitz, Matrix Partners, Y Combinator, and individual investors",,,
Apollo,Enterprise Sales Executive - West,https://www.ycombinator.com/companies/apollo/jobs/XEVeYqZ-enterprise-sales-executive-west,https://www.workatastartup.com/jobs/43436,43436,,,,,,,,False,"Apollo is a developer tools company focused on GraphQL. Our mission is to simplify app development by combining APIs, databases, and microservices into a single data graph that you can query with GraphQL. We are proud of our culture that encourages caring &amp; inclusivity, supports distributed workers, and recruits people who have a history of delivering the highest caliber results. \r\n\r\nWe are backed by Andreessen Horowitz, Matrix Partners, Y Combinator, and individual investors",,,
Hackerrank,HackerRank (YC S11) is Hiring a Senior Software Engineer Fullstack,https://www.ycombinator.com/companies/hackerrank/jobs/jk6xfKz-hackerrank-yc-s11-is-hiring-a-senior-software-engineer-fullstack,https://www.workatastartup.com/jobs/79074,79074,,,,,,,,False,"At HackerRank, our mission is to change the world to value skills over pedigree. Thousands of companies use our AI-powered platform to hire next-gen developers based on what they can do, not just what’s on their resume. We’ve powered 300M+ code runs and built a global community of 26M+ developers.\r\n\r\nWe’ve entered a new era of software development where humans and AI build together. This changes everything- from how developers grow to how companies hire and upskill tech talent. We’re embracing this shift head-on and reinventing our products to meet the moment.\r\n\r\nWe’re a high-performing, mission-driven team that truly, madly, deeply cares about what we do. We don’t see velocity and quality as tradeoffs; both matter. If you take pride in high-impact work and thrive in a driven team, HackerRank is where you belong.\r\n",,,
Hackerrank,HackerRank (YC S11) is Hiring a Senior Software Engineer,https://www.ycombinator.com/companies/hackerrank/jobs/6yom11r-hackerrank-yc-s11-is-hiring-a-senior-software-engineer,https://www.workatastartup.com/jobs/79073,79073,,,,,,,,False,"At HackerRank, our mission is to change the world to value skills over pedigree. Thousands of companies use our AI-powered platform to hire next-gen developers based on what they can do, not just what’s on their resume. We’ve powered 300M+ code runs and built a global community of 26M+ developers.\r\n\r\nWe’ve entered a new era of software development where humans and AI build together. This changes everything- from how developers grow to how companies hire and upskill tech talent. We’re embracing this shift head-on and reinventing our products to meet the moment.\r\n\r\nWe’re a high-performing, mission-driven team that truly, madly, deeply cares about what we do. We don’t see velocity and quality as tradeoffs; both matter. If you take pride in high-impact work and thrive in a driven team, HackerRank is where you belong.\r\n",,,
Hackerrank,HackerRank (YC S11) is Hiring a Senior Manager - Customer Marketing,https://www.ycombinator.com/companies/hackerrank/jobs/4vgf4AV-hackerrank-yc-s11-is-hiring-a-senior-manager-customer-marketing,https://www.workatastartup.com/jobs/79072,79072,,,,,,,,False,"At HackerRank, our mission is to change the world to value skills over pedigree. Thousands of companies use our AI-powered platform to hire next-gen developers based on what they can do, not just what’s on their resume. We’ve powered 300M+ code runs and built a global community of 26M+ developers.\r\n\r\nWe’ve entered a new era of software development where humans and AI build together. This changes everything- from how developers grow to how companies hire and upskill tech talent. We’re embracing this shift head-on and reinventing our products to meet the moment.\r\n\r\nWe’re a high-performing, mission-driven team that truly, madly, deeply cares about what we do. We don’t see velocity and quality as tradeoffs; both matter. If you take pride in high-impact work and thrive in a driven team, HackerRank is where you belong.\r\n",,,
Hackerrank,HackerRank (YC S11) is Hiring a Software Development Engineer,https://www.ycombinator.com/companies/hackerrank/jobs/qB2cV4j-hackerrank-yc-s11-is-hiring-a-software-development-engineer,https://www.workatastartup.com/jobs/78988,78988,,,,,,,,False,"At HackerRank, our mission is to change the world to value skills over pedigree. Thousands of companies use our AI-powered platform to hire next-gen developers based on what they can do, not just what’s on their resume. We’ve powered 300M+ code runs and built a global community of 26M+ developers.\r\n\r\nWe’ve entered a new era of software development where humans and AI build together. This changes everything- from how developers grow to how companies hire and upskill tech talent. We’re embracing this shift head-on and reinventing our products to meet the moment.\r\n\r\nWe’re a high-performing, mission-driven team that truly, madly, deeply cares about what we do. We don’t see velocity and quality as tradeoffs; both matter. If you take pride in high-impact work and thrive in a driven team, HackerRank is where you belong.\r\n",,,
Hackerrank,HackerRank (YC S11) is Hiring an Engineering Manager,https://www.ycombinator.com/companies/hackerrank/jobs/ZNv1Usc-hackerrank-yc-s11-is-hiring-an-engineering-manager,https://www.workatastartup.com/jobs/78898,78898,,,,,,,,False,"At HackerRank, our mission is to change the world to value skills over pedigree. Thousands of companies use our AI-powered platform to hire next-gen developers based on what they can do, not just what’s on their resume. We’ve powered 300M+ code runs and built a global community of 26M+ developers.\r\n\r\nWe’ve entered a new era of software development where humans and AI build together. This changes everything- from how developers grow to how companies hire and upskill tech talent. We’re embracing this shift head-on and reinventing our products to meet the moment.\r\n\r\nWe’re a high-performing, mission-driven team that truly, madly, deeply cares about what we do. We don’t see velocity and quality as tradeoffs; both matter. If you take pride in high-impact work and thrive in a driven team, HackerRank is where you belong.\r\n",,,
Hackerrank,HackerRank (YC S11) is Hiring a Staff Product Designer,https://www.ycombinator.com/companies/hackerrank/jobs/xC3kwCT-hackerrank-yc-s11-is-hiring-a-staff-product-designer,https://www.workatastartup.com/jobs/78752,78752,,,,,,,,False,"At HackerRank, our mission is to change the world to value skills over pedigree. Thousands of companies use our AI-powered platform to hire next-gen developers based on what they can do, not just what’s on their resume. We’ve powered 300M+ code runs and built a global community of 26M+ developers.\r\n\r\nWe’ve entered a new era of software development where humans and AI build together. This changes everything- from how developers grow to how companies hire and upskill tech talent. We’re embracing this shift head-on and reinventing our products to meet the moment.\r\n\r\nWe’re a high-performing, mission-driven team that truly, madly, deeply cares about what we do. We don’t see velocity and quality as tradeoffs; both matter. If you take pride in high-impact work and thrive in a driven team, HackerRank is where you belong.\r\n",,,
Hackerrank,HackerRank (YC S11) is Hiring a Senior Technical Program Manager,https://www.ycombinator.com/companies/hackerrank/jobs/tXD5A5T-hackerrank-yc-s11-is-hiring-a-senior-technical-program-manager,https://www.workatastartup.com/jobs/78470,78470,,,,,,,,False,"At HackerRank, our mission is to change the world to value skills over pedigree. Thousands of companies use our AI-powered platform to hire next-gen developers based on what they can do, not just what’s on their resume. We’ve powered 300M+ code runs and built a global community of 26M+ developers.\r\n\r\nWe’ve entered a new era of software development where humans and AI build together. This changes everything- from how developers grow to how companies hire and upskill tech talent. We’re embracing this shift head-on and reinventing our products to meet the moment.\r\n\r\nWe’re a high-performing, mission-driven team that truly, madly, deeply cares about what we do. We don’t see velocity and quality as tradeoffs; both matter. If you take pride in high-impact work and thrive in a driven team, HackerRank is where you belong.\r\n",,,
Hackerrank,Web Design Engineer,https://www.ycombinator.com/companies/hackerrank/jobs/HFH0zad-web-design-engineer,https://www.workatastartup.com/jobs/78467,78467,,,,,,,,False,"At HackerRank, our mission is to change the world to value skills over pedigree. Thousands of companies use our AI-powered platform to hire next-gen developers based on what they can do, not just what’s on their resume. We’ve powered 300M+ code runs and built a global community of 26M+ developers.\r\n\r\nWe’ve entered a new era of software development where humans and AI build together. This changes everything- from how developers grow to how companies hire and upskill tech talent. We’re embracing this shift head-on and reinventing our products to meet the moment.\r\n\r\nWe’re a high-performing, mission-driven team that truly, madly, deeply cares about what we do. We don’t see velocity and quality as tradeoffs; both matter. If you take pride in high-impact work and thrive in a driven team, HackerRank is where you belong.\r\n",,,
Hackerrank,Content Marketing Manager,https://www.ycombinator.com/companies/hackerrank/jobs/EtvSNhR-content-marketing-manager,https://www.workatastartup.com/jobs/78453,78453,,,,,,,,False,"At HackerRank, our mission is to change the world to value skills over pedigree. Thousands of companies use our AI-powered platform to hire next-gen developers based on what they can do, not just what’s on their resume. We’ve powered 300M+ code runs and built a global community of 26M+ developers.\r\n\r\nWe’ve entered a new era of software development where humans and AI build together. This changes everything- from how developers grow to how companies hire and upskill tech talent. We’re embracing this shift head-on and reinventing our products to meet the moment.\r\n\r\nWe’re a high-performing, mission-driven team that truly, madly, deeply cares about what we do. We don’t see velocity and quality as tradeoffs; both matter. If you take pride in high-impact work and thrive in a driven team, HackerRank is where you belong.\r\n",,,
Onesignal,"Staff Software Engineer, SMS Team (Fullstack)",https://www.ycombinator.com/companies/onesignal/jobs/DNhTi7U-staff-software-engineer-sms-team-fullstack,https://www.workatastartup.com/jobs/72053,72053,,,,,,,,False,"We started as app developers who just wanted a developer-friendly API for push notifications. Finding no good solution, we built one ourselves.\r\n\r\nToday, OneSignal is the leading solution for sending effective messages across channels including [mobile push notifications](https://onesignal.com/), [web push notifications](https://onesignal.com/webpush), [in-app messaging](https://onesignal.com/in-app), [SMS](https://onesignal.com/sms), and [email](https://onesignal.com/email). We support over **1,800,000** of the world&#x27;s leading marketers and developers.\r\n\r\nOneSignal is available on every platform and development environment, letting content creators focus on quality user engagement instead of complex implementation.\r\n\r\nWe are growing faster than ever, and hiring in all departments. We hope you&#x27;ll apply and we look forward to meeting you!",,,
Onesignal,"Senior Software Engineer, Journeys Team (Backend)",https://www.ycombinator.com/companies/onesignal/jobs/BOlyPRY-senior-software-engineer-journeys-team-backend,https://www.workatastartup.com/jobs/72052,72052,,,,,,,,False,"We started as app developers who just wanted a developer-friendly API for push notifications. Finding no good solution, we built one ourselves.\r\n\r\nToday, OneSignal is the leading solution for sending effective messages across channels including [mobile push notifications](https://onesignal.com/), [web push notifications](https://onesignal.com/webpush), [in-app messaging](https://onesignal.com/in-app), [SMS](https://onesignal.com/sms), and [email](https://onesignal.com/email). We support over **1,800,000** of the world&#x27;s leading marketers and developers.\r\n\r\nOneSignal is available on every platform and development environment, letting content creators focus on quality user engagement instead of complex implementation.\r\n\r\nWe are growing faster than ever, and hiring in all departments. We hope you&#x27;ll apply and we look forward to meeting you!",,,
Streak,Staff UI Engineer,https://www.ycombinator.com/companies/streak/jobs/m9TkzXv-staff-ui-engineer,https://www.workatastartup.com/jobs/66000,66000,,,,,,,,False,"Born out of the frustration of switching between multiple external tools to manage the business, Streak enables users to manage any business process without leaving Gmail’s inbox. Our products enable thousands of businesses to reduce the mundane, routine tasks and processes their employees do every day so they can focus on the work that makes the biggest impact. \r\n\r\nWe believe our product is phenomenal, and we use it every single day to manage everything from sales, to customer support, to engineering, to hiring. At Streak, you will be more than a developer or salesperson - you will also be a Streak user who significantly impacts the future of our product.",,,
Agilemd,Healthcare Outcomes Data Analyst,https://www.ycombinator.com/companies/agilemd/jobs/0Ho6Ibo-healthcare-outcomes-data-analyst,https://www.workatastartup.com/jobs/77948,77948,,,,,,,,False,"At AgileMD, we are building the most advanced real-time predictive analytics and clinical algorithms platform for hospitals. Our cloud-based engine supports and empowers the medical decisions of thousands of physicians across hospitals and clinics around the country, so that every patient receives the highest quality and value of care based on the latest medical knowledge and data.\r\n\r\nAgileMD is headquartered in San Francisco, California.",,,
Mixrank,Junior Software Engineer - Egypt,https://www.ycombinator.com/companies/mixrank/jobs/hvcoA2Z-junior-software-engineer-egypt,https://www.workatastartup.com/jobs/76843,76843,,,,,,,,False,"MixRank processes petabytes of data every month from web crawls, Google Play Store, Apple App Store, social media, and dozens of other sources. We have hundreds of customers using our data products including Google, Amazon, Facebook, Intel, and Adobe, across industries Sales, Marketing, Finance, and Security.\r\n\r\nTeam is 42 full-time as of 2024, full-remote. We&#x27;re growing, profitable, employee-owned, no dependence on outside funding.",,,
Mixrank,Junior Software Engineer - Brazil,https://www.ycombinator.com/companies/mixrank/jobs/S1j78Kq-junior-software-engineer-brazil,https://www.workatastartup.com/jobs/75915,75915,,,,,,,,False,"MixRank processes petabytes of data every month from web crawls, Google Play Store, Apple App Store, social media, and dozens of other sources. We have hundreds of customers using our data products including Google, Amazon, Facebook, Intel, and Adobe, across industries Sales, Marketing, Finance, and Security.\r\n\r\nTeam is 42 full-time as of 2024, full-remote. We&#x27;re growing, profitable, employee-owned, no dependence on outside funding.",,,
Mixrank,Self-taught & hobbyists - Junior Software Engineers (Global/Remote),https://www.ycombinator.com/companies/mixrank/jobs/Os2T1v9-self-taught-hobbyists-junior-software-engineers-global-remote,https://www.workatastartup.com/jobs/75030,75030,,,,,,,,False,"MixRank processes petabytes of data every month from web crawls, Google Play Store, Apple App Store, social media, and dozens of other sources. We have hundreds of customers using our data products including Google, Amazon, Facebook, Intel, and Adobe, across industries Sales, Marketing, Finance, and Security.\r\n\r\nTeam is 42 full-time as of 2024, full-remote. We&#x27;re growing, profitable, employee-owned, no dependence on outside funding.",,,
Mixrank,Junior Software Engineer - Global Remote,https://www.ycombinator.com/companies/mixrank/jobs/Fnwsojk-junior-software-engineer-global-remote,https://www.workatastartup.com/jobs/72514,72514,,,,,,,,False,"MixRank processes petabytes of data every month from web crawls, Google Play Store, Apple App Store, social media, and dozens of other sources. We have hundreds of customers using our data products including Google, Amazon, Facebook, Intel, and Adobe, across industries Sales, Marketing, Finance, and Security.\r\n\r\nTeam is 42 full-time as of 2024, full-remote. We&#x27;re growing, profitable, employee-owned, no dependence on outside funding.",,,
Mixrank,Software Engineer - Global Remote,https://www.ycombinator.com/companies/mixrank/jobs/RXQspen-software-engineer-global-remote,https://www.workatastartup.com/jobs/68661,68661,,,,,,,,False,"MixRank processes petabytes of data every month from web crawls, Google Play Store, Apple App Store, social media, and dozens of other sources. We have hundreds of customers using our data products including Google, Amazon, Facebook, Intel, and Adobe, across industries Sales, Marketing, Finance, and Security.\r\n\r\nTeam is 42 full-time as of 2024, full-remote. We&#x27;re growing, profitable, employee-owned, no dependence on outside funding.",,,
Mixrank,Technical Customer Support Representative,https://www.ycombinator.com/companies/mixrank/jobs/SG0hpTt-technical-customer-support-representative,https://www.workatastartup.com/jobs/57137,57137,,,,,,,,False,"MixRank processes petabytes of data every month from web crawls, Google Play Store, Apple App Store, social media, and dozens of other sources. We have hundreds of customers using our data products including Google, Amazon, Facebook, Intel, and Adobe, across industries Sales, Marketing, Finance, and Security.\r\n\r\nTeam is 42 full-time as of 2024, full-remote. We&#x27;re growing, profitable, employee-owned, no dependence on outside funding.",,,
Mino-games,Game Developer,https://www.ycombinator.com/companies/mino-games/jobs/6Toj1IT1z-game-developer,https://www.workatastartup.com/jobs/16194,16194,,,,,,,,False,"Mino Games is a free-to-play mobile gaming studio that produced the top 50 grossing mobile game Mino Monsters, with over 13 million downloads. We create deeply engaging, widely appealing games for millions of fans. Our development studio is in Montreal, QC.\r\n\r\nWe are a small group of passionate engineers and artists, our mission is to create games that millions of people all around the world love to play for years. We are funded by the best angel, institutional investors, and gaming companies from across the world. (Andreessen Horowitz, Y Combinator, Sybo Games).",,,
Recurse-center,Full-Cycle Recruiter / Career Facilitator,https://www.ycombinator.com/companies/recurse-center/jobs/vCFdnEg-full-cycle-recruiter-career-facilitator,处理时出错,错误,,,,,,,,,,,,
Stripe,"Head of Engineering, Identity Graph",https://www.ycombinator.com/companies/stripe/jobs/yaLKuLq-head-of-engineering-identity-graph,https://www.workatastartup.com/jobs/47051,47051,,,,,,,,False,"Stripe builds financial tools and economic infrastructure for the internet. We’re helping small startups and the world’s biggest companies build products, create business models, and scale their efforts globally. And we’d like your help.\r\n\r\nOur customers are the most ambitious organizations in the world. Previously, they had to create an ad hoc, informally specified, bug-ridden version of financial rails before they could do business online. We are doing the difficult-but-necessary work of building a global payments and treasury network—so entrepreneurs and enterprises can concentrate on creating value, not moving money. \r\n\r\nWe operate at significant scale, but we’re still tiny relative to the opportunity. We have a staggering amount of work ahead. That means you have an unprecedented opportunity to put the global economy within everyone’s reach while doing the most important work of your career.",,,
Stripe,"Machine Learning Engineer, Identity",https://www.ycombinator.com/companies/stripe/jobs/9d8GGVs-machine-learning-engineer-identity,https://www.workatastartup.com/jobs/47050,47050,,,,,,,,False,"Stripe builds financial tools and economic infrastructure for the internet. We’re helping small startups and the world’s biggest companies build products, create business models, and scale their efforts globally. And we’d like your help.\r\n\r\nOur customers are the most ambitious organizations in the world. Previously, they had to create an ad hoc, informally specified, bug-ridden version of financial rails before they could do business online. We are doing the difficult-but-necessary work of building a global payments and treasury network—so entrepreneurs and enterprises can concentrate on creating value, not moving money. \r\n\r\nWe operate at significant scale, but we’re still tiny relative to the opportunity. We have a staggering amount of work ahead. That means you have an unprecedented opportunity to put the global economy within everyone’s reach while doing the most important work of your career.",,,
Stripe,"Frontend Engineer, Identity",https://www.ycombinator.com/companies/stripe/jobs/jdBhPmD-frontend-engineer-identity,https://www.workatastartup.com/jobs/47049,47049,,,,,,,,False,"Stripe builds financial tools and economic infrastructure for the internet. We’re helping small startups and the world’s biggest companies build products, create business models, and scale their efforts globally. And we’d like your help.\r\n\r\nOur customers are the most ambitious organizations in the world. Previously, they had to create an ad hoc, informally specified, bug-ridden version of financial rails before they could do business online. We are doing the difficult-but-necessary work of building a global payments and treasury network—so entrepreneurs and enterprises can concentrate on creating value, not moving money. \r\n\r\nWe operate at significant scale, but we’re still tiny relative to the opportunity. We have a staggering amount of work ahead. That means you have an unprecedented opportunity to put the global economy within everyone’s reach while doing the most important work of your career.",,,
Mixpanel,"Senior Software Engineer, Distributed Systems (Remote-friendly but US only)",https://www.ycombinator.com/companies/mixpanel/jobs/R6Dkw4lTy-senior-software-engineer-distributed-systems-remote-friendly-but-us-only,https://www.workatastartup.com/jobs/15855,15855,,,,,,,,False,"**About Mixpanel**\r\n\r\nAt Mixpanel, our mission is to increase the rate of innovation. Not only as a company, but for the businesses we serve. Through our analytics platform, companies can analyze how and why their users engage, convert, and retain in real time across web, mobile, and smart devices. Then they can use that data to improve their business and products.\r\n\r\n**About Mixpanel Engineering**\r\n\r\n- The Engineering, Product and Design teams at Mixpanel together build Mixpanel’s product. The team consists of very talented and nice people who collaborate to solve problems.\r\n\r\n- We organize in Product Groups which are small groups (3 to 8 people) comprised of engineers, product managers and designers working on a problem or an investment area with complete autonomy over the development process. \r\n\r\n- We are customer focused and data driven - We like to iterate, learn and improve quickly using qualitative and quantitative data to continuously deliver customer value.\r\n\r\n- Our engineering team gets to work on really challenging and exciting engineering problems because of the nature of our product and our scale.\r\n\r\n- We use our own product on a daily basis!\r\n\r\n\r\n_Mixpanel serves over 30,000 companies from different industries around the world, including Samsung, Twitter, and BMW. Headquartered in San Francisco, Mixpanel has offices in New York, Seattle, Austin, London, Barcelona, Paris, Amsterdam and Singapore._",,,
Mixpanel,"Senior Software Engineer, Fullstack (Remote-friendly but US only)",https://www.ycombinator.com/companies/mixpanel/jobs/SxGxBDpJe-senior-software-engineer-fullstack-remote-friendly-but-us-only,https://www.workatastartup.com/jobs/15853,15853,,,,,,,,False,"**About Mixpanel**\r\n\r\nAt Mixpanel, our mission is to increase the rate of innovation. Not only as a company, but for the businesses we serve. Through our analytics platform, companies can analyze how and why their users engage, convert, and retain in real time across web, mobile, and smart devices. Then they can use that data to improve their business and products.\r\n\r\n**About Mixpanel Engineering**\r\n\r\n- The Engineering, Product and Design teams at Mixpanel together build Mixpanel’s product. The team consists of very talented and nice people who collaborate to solve problems.\r\n\r\n- We organize in Product Groups which are small groups (3 to 8 people) comprised of engineers, product managers and designers working on a problem or an investment area with complete autonomy over the development process. \r\n\r\n- We are customer focused and data driven - We like to iterate, learn and improve quickly using qualitative and quantitative data to continuously deliver customer value.\r\n\r\n- Our engineering team gets to work on really challenging and exciting engineering problems because of the nature of our product and our scale.\r\n\r\n- We use our own product on a daily basis!\r\n\r\n\r\n_Mixpanel serves over 30,000 companies from different industries around the world, including Samsung, Twitter, and BMW. Headquartered in San Francisco, Mixpanel has offices in New York, Seattle, Austin, London, Barcelona, Paris, Amsterdam and Singapore._",,,
Renthop,Taipei Data Engineer,https://www.ycombinator.com/companies/renthop/jobs/kiSL2ft-taipei-data-engineer,https://www.workatastartup.com/jobs/43026,43026,,,,,,,,False,"No matter where you&#x27;re moving to, finding a new home is hard. We&#x27;re making it better. Join us on our quest to modernize apartment rentals and real estate investments.  We are a Y Combinator graduate from the Summer 2009 batch, and have been mostly bootstrapped and profitable ever since.\r\n\r\nFor the first time ever, we are launching a small Taipei team and have immediate openings in both Taipei and New York.\r\n\r\n",,,
Renthop,Taipei Full Stack PHP Developer,https://www.ycombinator.com/companies/renthop/jobs/vgPHwmG-taipei-full-stack-php-developer,https://www.workatastartup.com/jobs/42926,42926,,,,,,,,False,"No matter where you&#x27;re moving to, finding a new home is hard. We&#x27;re making it better. Join us on our quest to modernize apartment rentals and real estate investments.  We are a Y Combinator graduate from the Summer 2009 batch, and have been mostly bootstrapped and profitable ever since.\r\n\r\nFor the first time ever, we are launching a small Taipei team and have immediate openings in both Taipei and New York.\r\n\r\n",,,
Renthop,Taipei Software Engineer,https://www.ycombinator.com/companies/renthop/jobs/UIeZ0Pd-taipei-software-engineer,https://www.workatastartup.com/jobs/42838,42838,,,,,,,,False,"No matter where you&#x27;re moving to, finding a new home is hard. We&#x27;re making it better. Join us on our quest to modernize apartment rentals and real estate investments.  We are a Y Combinator graduate from the Summer 2009 batch, and have been mostly bootstrapped and profitable ever since.\r\n\r\nFor the first time ever, we are launching a small Taipei team and have immediate openings in both Taipei and New York.\r\n\r\n",,,
